{"cameraMode":{"drawMode":0,"name":"Shaded","section":"Shading Mode"},"sceneLighting":false,"audioPlay":false,"sceneViewState":{"m_AlwaysRefresh":false,"showFog":true,"showSkybox":false,"showFlares":true,"showImageEffects":true,"showParticleSystems":true,"showVisualEffectGraphs":true,"m_FxEnabled":true},"in2DMode":false,"pivot":{"x":0.7091202139854431,"y":0.1691160649061203,"z":0.957444429397583},"rotation":{"x":0.020968051627278329,"y":-0.7078614830970764,"z":0.021024836227297784,"w":0.7057390809059143},"size":0.49612489342689516,"orthographic":true}