{"cameraMode":{"drawMode":0,"name":"Shaded","section":"Shading Mode"},"sceneLighting":true,"audioPlay":false,"sceneViewState":{"m_AlwaysRefresh":false,"showFog":true,"showSkybox":true,"showFlares":true,"showImageEffects":true,"showParticleSystems":true,"showVisualEffectGraphs":true,"m_FxEnabled":true},"in2DMode":false,"pivot":{"x":509.54254150390627,"y":420.85894775390627,"z":-61.37713623046875},"rotation":{"x":0.30888432264328005,"y":-0.18530243635177613,"z":0.06148937717080116,"w":0.930846095085144},"size":484.2497253417969,"orthographic":true}