{"cameraMode":{"drawMode":0,"name":"Shaded","section":"Shading Mode"},"sceneLighting":true,"audioPlay":false,"sceneViewState":{"m_AlwaysRefresh":false,"showFog":true,"showSkybox":true,"showFlares":true,"showImageEffects":true,"showParticleSystems":true,"showVisualEffectGraphs":true,"m_FxEnabled":true},"in2DMode":false,"pivot":{"x":0.5545262098312378,"y":1.134920358657837,"z":0.19646668434143067},"rotation":{"x":0.0035939926747232677,"y":0.9964070916175842,"z":-0.06135629862546921,"w":0.05835656821727753},"size":1.57072114944458,"orthographic":false}