{"cameraMode":{"drawMode":0,"name":"Shaded","section":"Shading Mode"},"sceneLighting":true,"audioPlay":false,"sceneViewState":{"m_AlwaysRefresh":false,"showFog":true,"showSkybox":true,"showFlares":true,"showImageEffects":true,"showParticleSystems":true,"showVisualEffectGraphs":true,"m_FxEnabled":true},"in2DMode":false,"pivot":{"x":11.428000450134278,"y":0.8560000061988831,"z":-13.960000038146973},"rotation":{"x":0.025394873693585397,"y":-0.7081446647644043,"z":0.025504229590296747,"w":0.7051712274551392},"size":0.4721256196498871,"orthographic":true}