{"cameraMode":{"drawMode":0,"name":"Shaded","section":"Shading Mode"},"sceneLighting":true,"audioPlay":false,"sceneViewState":{"m_AlwaysRefresh":false,"showFog":true,"showSkybox":true,"showFlares":true,"showImageEffects":true,"showParticleSystems":true,"showVisualEffectGraphs":true,"m_FxEnabled":true},"in2DMode":false,"pivot":{"x":5.894681930541992,"y":2.5714194774627687,"z":-14.070777893066407},"rotation":{"x":0.10317197442054749,"y":-0.6786631345748901,"z":0.09715953469276428,"w":0.7206519246101379},"size":2.3133926391601564,"orthographic":true}