{"cameraMode":{"drawMode":0,"name":"Shaded","section":"Shading Mode"},"sceneLighting":false,"audioPlay":false,"sceneViewState":{"m_AlwaysRefresh":false,"showFog":true,"showSkybox":false,"showFlares":true,"showImageEffects":true,"showParticleSystems":true,"showVisualEffectGraphs":true,"m_FxEnabled":true},"in2DMode":false,"pivot":{"x":98.17242431640625,"y":15.830503463745118,"z":11.886100769042969},"rotation":{"x":0.371788889169693,"y":0.016708392649888994,"z":-0.006692887283861637,"w":0.9281440377235413},"size":28.77554702758789,"orthographic":false}